-- phpMyAdmin SQL Dump
-- version 5.1.1
-- https://www.phpmyadmin.net/
--
-- Gép: 127.0.0.1
-- Létrehozás ideje: 2023. Ápr 12. 11:33
-- Kiszolgáló verziója: 10.4.21-MariaDB
-- PHP verzió: 8.0.11

SET SQL_MODE = "NO_AUTO_VALUE_ON_ZERO";
START TRANSACTION;
SET time_zone = "+00:00";


/*!40101 SET @OLD_CHARACTER_SET_CLIENT=@@CHARACTER_SET_CLIENT */;
/*!40101 SET @OLD_CHARACTER_SET_RESULTS=@@CHARACTER_SET_RESULTS */;
/*!40101 SET @OLD_COLLATION_CONNECTION=@@COLLATION_CONNECTION */;
/*!40101 SET NAMES utf8mb4 */;

--
-- Adatbázis: `collectorsplace`
--

-- --------------------------------------------------------

--
-- Tábla szerkezet ehhez a táblához `followings`
--

CREATE TABLE `followings` (
  `id` int(11) NOT NULL,
  `follower` int(11) NOT NULL,
  `following` int(11) NOT NULL
) ENGINE=InnoDB DEFAULT CHARSET=utf8 COLLATE=utf8_hungarian_ci;

--
-- A tábla adatainak kiíratása `followings`
--

INSERT INTO `followings` (`id`, `follower`, `following`) VALUES
(12, 14, 18),
(9, 18, 14);

-- --------------------------------------------------------

--
-- Tábla szerkezet ehhez a táblához `messages`
--

CREATE TABLE `messages` (
  `id` int(11) NOT NULL,
  `message_from` int(11) NOT NULL,
  `message_to` int(11) NOT NULL,
  `message_text` text COLLATE utf8_hungarian_ci NOT NULL,
  `message_offer_id` int(11) NOT NULL,
  `message_time` datetime DEFAULT NULL,
  `message_autogenerated` tinyint(1) NOT NULL
) ENGINE=InnoDB DEFAULT CHARSET=utf8 COLLATE=utf8_hungarian_ci;

--
-- A tábla adatainak kiíratása `messages`
--

INSERT INTO `messages` (`id`, `message_from`, `message_to`, `message_text`, `message_offer_id`, `message_time`, `message_autogenerated`) VALUES
(126, 16, 17, 'Szia! Érdekelne az alábbi csereajánlatod!', 12, '2023-03-20 19:07:15', 1),
(127, 16, 17, 'HELO', 12, '2023-03-20 19:07:24', 0),
(128, 16, 17, 'SZIA', 12, '2023-03-20 19:07:26', 0),
(129, 16, 17, 'PROBAAAA', 12, '2023-03-20 19:07:29', 0),
(130, 16, 17, 'UWOKDJASOFAN DF', 12, '2023-03-20 19:07:32', 0),
(131, 16, 17, 'BÉFJKB HKU  UKGHDFAKUGHKHG UHUAEGH GHFDKJH FIHIFD', 12, '2023-03-20 19:07:35', 0),
(132, 16, 17, 'US FGDUZVIUHEWSUIHVUIVHBEWUIGHVIUDSGHVUIHDKCVHFHJKDFVKUHDSKIFHEIFHIF UH DUEHI GH DS', 12, '2023-03-20 19:07:40', 0),
(133, 16, 17, 'JKDFKASHD ASHUAJU JKA JKAF HAFUK HASD FBNJA U AFIUDV BHDVHH GH DSGDSFHBDSHEHEUHIUE U UEI GUSDF', 12, '2023-03-20 19:07:49', 0),
(137, 16, 17, 'Már 2 órája csak ezen dolgozok :(', 12, '2023-03-20 20:17:39', 0),
(139, 16, 17, 'Jo kiderült igazából csak 1 órája', 12, '2023-03-20 21:20:21', 0),
(141, 14, 16, 'Szia! Érdekelne az alábbi csereajánlatod!', 9, '2023-03-20 21:42:59', 1),
(142, 14, 17, 'Szia! Érdekelne az alábbi csereajánlatod!', 12, '2023-03-20 21:43:14', 1),
(144, 14, 17, 'Szia', 12, '2023-03-21 16:09:17', 0),
(145, 14, 17, 'Miért nem irsz vissza?', 12, '2023-03-21 16:23:55', 0),
(150, 14, 16, 'Helo', 9, '2023-03-29 21:32:05', 0),
(151, 14, 16, 'Szia', 9, '2023-03-29 21:32:10', 0),
(152, 14, 16, 'a', 9, '2023-03-29 21:32:22', 0),
(153, 14, 16, 'Hali', 9, '2023-04-09 12:45:04', 0),
(155, 14, 16, 'Szia szia', 9, '2023-04-09 15:43:49', 0),
(156, 14, 17, 'Na akk ez működik?', 12, '2023-04-09 15:44:09', 0),
(157, 14, 17, 'Heloszia', 12, '2023-04-09 15:47:44', 0),
(158, 14, 16, 'Ide is szia', 9, '2023-04-09 15:47:52', 0);

-- --------------------------------------------------------

--
-- Tábla szerkezet ehhez a táblához `offers`
--

CREATE TABLE `offers` (
  `offer_id` int(11) NOT NULL,
  `offer_userid` int(11) NOT NULL,
  `offer_themeid` int(11) NOT NULL,
  `offer_offcards` longtext COLLATE utf8_hungarian_ci NOT NULL,
  `offer_receivecards` longtext COLLATE utf8_hungarian_ci NOT NULL,
  `offer_desc` longtext COLLATE utf8_hungarian_ci DEFAULT NULL
) ENGINE=InnoDB DEFAULT CHARSET=utf8 COLLATE=utf8_hungarian_ci;

--
-- A tábla adatainak kiíratása `offers`
--

INSERT INTO `offers` (`offer_id`, `offer_userid`, `offer_themeid`, `offer_offcards`, `offer_receivecards`, `offer_desc`) VALUES
(9, 16, 1, '12, 32, 45, ,12, 12 ,12 4,,446 ,45, ,12, 32, 45, ,12, 12 ,12 4,,446 ,45, ,12, 32, 45, ,12, 12 ,12 4,,446 ,45, ,12, 32, 45, ,12, 12 ,12 4,,446 ,45, ,12, 32, 45, ,12, 12 ,12 4,,446 ,45, ,12, 32, 45, ,12, 12 ,12 4,,446 ,45, ,', '12, 32, 45, ,12, 12 ,12 4,,446 ,45, ,12, 32, 45, ,12, 12 ,12 4,,446 ,45, ,12, 32, 45, ,12, 12 ,12 4,,446 ,45, ,12, 32, 45, ,12, 12 ,12 4,,446 ,45, ,12, 32, 45, ,12, 12 ,12 4,,446 ,45, ,', 'Nincs'),
(12, 17, 1, '1212213  1234 1241 21452351z3454563554b6145 45 346 6 34634 654 643 23 235 5 51212213  1234 1241 21452351z3454563554b6145 45 346 6 34634 654 643 23 235 5 51212213  1234 1241 21452351z3454563554b6145 45 346 6 34634 654 643 23 235 5 51212213  1234 1241 21452351z3454563554b6145 45 346 6 34634 654 643 23 235 5 51212213  1234 1241 21452351z3454563554b6145 45 346 6 34634 654 643 23 235 5 51212213  1234 1241 21452351z3454563554b6145 45 346 6 34634 654 643 23 235 5 5', '1212213  1234 1241 21452351z3454563554b6145 45 346 6 34634 654 643 23 235 5 51212213  1234 1241 21452351z3454563554b6145 45 346 6 34634 654 643 23 235 5 51212213  1234 1241 21452351z3454563554b6145 45 346 6 34634 654 643 23 235 5 5', NULL),
(19, 14, 5, 'Ez amúgy egy próba, de ennek már mennie kéne lazán! KÍNÁLT KÁRTYÁK', 'Ez is egy próba csak! KERESETT KÁRTYÁK', 'RÖVIDÍTETT MEGJEGYZÉS');

-- --------------------------------------------------------

--
-- Tábla szerkezet ehhez a táblához `ratings`
--

CREATE TABLE `ratings` (
  `id` int(11) NOT NULL,
  `rating_from` int(11) NOT NULL,
  `rating_to` int(11) NOT NULL,
  `rating_num` int(11) NOT NULL
) ENGINE=InnoDB DEFAULT CHARSET=utf8 COLLATE=utf8_hungarian_ci;

--
-- A tábla adatainak kiíratása `ratings`
--

INSERT INTO `ratings` (`id`, `rating_from`, `rating_to`, `rating_num`) VALUES
(19, 16, 14, 5),
(20, 16, 14, 1),
(31, 17, 14, 5),
(32, 17, 16, 5),
(41, 18, 16, 5),
(43, 18, 17, 1),
(45, 14, 18, 3),
(46, 14, 16, 5);

-- --------------------------------------------------------

--
-- Tábla szerkezet ehhez a táblához `telepulesek`
--

CREATE TABLE `telepulesek` (
  `telepules` varchar(23) NOT NULL
) ENGINE=MyISAM DEFAULT CHARSET=utf8;

--
-- A tábla adatainak kiíratása `telepulesek`
--

INSERT INTO `telepulesek` (`telepules`) VALUES
('Aba'),
('Aba'),
('Abádszalók'),
('Abádszalók'),
('Abádszalók'),
('Abaliget'),
('Abasár'),
('Abaújalpár'),
('Abaújkér'),
('Abaújlak'),
('Abaújszántó'),
('Abaújszolnok'),
('Abaújvár'),
('Abda'),
('Abod'),
('Abod'),
('Abony'),
('Ábrahámhegy'),
('Ács'),
('Acsa'),
('Acsád'),
('Acsalag'),
('Ácsteszér'),
('Ácsteszér'),
('Adács'),
('Ádánd'),
('Adásztevel'),
('Adony'),
('Adorjánháza'),
('Adorjás'),
('Ág'),
('Ágasegyháza'),
('Ágfalva'),
('Aggtelek'),
('Agyagosszergény'),
('Ajak'),
('Ajka'),
('Ajka'),
('Ajka'),
('Ajka'),
('Akasztó'),
('Alacska'),
('Alap'),
('Alattyán'),
('Albertirsa'),
('Alcsútdoboz'),
('Aldebrő'),
('Aldebrő'),
('Algyő'),
('Alibánfa'),
('Almamellék'),
('Almamellék'),
('Almamellék'),
('Almamellék'),
('Almásfüzitő'),
('Almásháza'),
('Almáskamarás'),
('Almáskeresztúr'),
('Álmosd'),
('Alsóberecki'),
('Alsóbogát'),
('Alsódobsza'),
('Alsógagy'),
('Alsómocsolád'),
('Alsónána'),
('Alsónána'),
('Alsónémedi'),
('Alsónémedi'),
('Alsónemesapáti'),
('Alsónemesapáti'),
('Alsónyék'),
('Alsónyék'),
('Alsóörs'),
('Alsópáhok'),
('Alsópetény'),
('Alsórajk'),
('Alsóregmec'),
('Alsószenterzsébet'),
('Alsószentiván'),
('Alsószentmárton'),
('Alsószentmárton'),
('Alsószölnök'),
('Alsószuha'),
('Alsótelekes'),
('Alsótold'),
('Alsóújlak'),
('Alsóújlak'),
('Alsóújlak'),
('Alsóvadász'),
('Alsózsolca'),
('Ambrózfalva'),
('Anarcs'),
('Andocs'),
('Andornaktálya'),
('Andrásfa'),
('Annavölgy'),
('Apácatorna'),
('Apagy'),
('Apaj'),
('Apaj'),
('Aparhant'),
('Apátfalva'),
('Apátistvánfalva'),
('Apátvarasd'),
('Apc'),
('Áporka'),
('Apostag'),
('Aranyosapáti'),
('Aranyosgadány'),
('Arka'),
('Arló'),
('Arnót'),
('Ároktő'),
('Árpádhalom'),
('Árpás'),
('Ártánd'),
('Ásotthalom'),
('Ásványráró'),
('Aszaló'),
('Ászár'),
('Aszód'),
('Aszófő'),
('Áta'),
('Átány'),
('Atkár'),
('Attala'),
('Attala'),
('Babarc'),
('Babarcszőlős'),
('Babócsa'),
('Bábolna'),
('Bábonymegyer'),
('Babosdöbréte'),
('Babót'),
('Bácsalmás'),
('Bácsbokod'),
('Bácsborsód'),
('Bácsszentgyörgy'),
('Bácsszőlős'),
('Badacsonytomaj'),
('Badacsonytomaj'),
('Badacsonytomaj'),
('Badacsonytördemic'),
('Bag'),
('Bagamér'),
('Bagamér'),
('Baglad'),
('Bagod'),
('Bágyogszovát'),
('Baj'),
('Baja'),
('Bajánsenye'),
('Bajna'),
('Bajót'),
('Bajót'),
('Bak'),
('Bakháza'),
('Bakóca'),
('Bakonszeg'),
('Bakonya'),
('Bakonya'),
('Bakonybánk'),
('Bakonybél'),
('Bakonycsernye'),
('Bakonygyirót'),
('Bakonyjákó'),
('Bakonykoppány'),
('Bakonykúti'),
('Bakonynána'),
('Bakonyoszlop'),
('Bakonypéterd'),
('Bakonypölöske'),
('Bakonyság'),
('Bakonysárkány'),
('Bakonyszentkirály'),
('Bakonyszentlászló'),
('Bakonyszombathely'),
('Bakonyszücs'),
('Bakonytamási'),
('Bakonytamási'),
('Baks'),
('Baksa'),
('Baktakék'),
('Baktalórántháza'),
('Baktüttös'),
('Balajt'),
('Balassagyarmat'),
('Balástya'),
('Balaton'),
('Balatonakali'),
('Balatonalmádi'),
('Balatonberény'),
('Balatonboglár'),
('Balatonboglár'),
('Balatoncsicsó'),
('Balatoncsicsó'),
('Balatonederics'),
('Balatonendréd'),
('Balatonfenyves'),
('Balatonfőkajár'),
('Balatonfőkajár'),
('Balatonföldvár'),
('Balatonfüred'),
('Balatonfűzfő'),
('Balatonfűzfő'),
('Balatongyörök'),
('Balatonhenye'),
('Balatonkenese'),
('Balatonkeresztúr'),
('Balatonlelle'),
('Balatonmagyaród'),
('Balatonmáriafürdő'),
('Balatonőszöd'),
('Balatonrendes'),
('Balatonszabadi'),
('Balatonszabadi'),
('Balatonszárszó'),
('Balatonszemes'),
('Balatonszentgyörgy'),
('Balatonszepezd'),
('Balatonszőlős'),
('Balatonudvari'),
('Balatonújlak'),
('Balatonvilágos'),
('Balinka'),
('Balinka'),
('Balkány'),
('Ballószög'),
('Balmazújváros'),
('Balmazújváros'),
('Balogunyom'),
('Balotaszállás'),
('Balsa'),
('Bálványos'),
('Bana'),
('Bánd'),
('Bánd'),
('Bánfa'),
('Bánhorváti'),
('Bánk'),
('Bánokszentgyörgy'),
('Bánréve'),
('Bár'),
('Barabás'),
('Baracs'),
('Baracs'),
('Baracska'),
('Báránd'),
('Baranyajenő'),
('Baranyaszentgyörgy'),
('Barbacs'),
('Barcs'),
('Barcs'),
('Bárdudvarnok'),
('Barlahida'),
('Bárna'),
('Barnag'),
('Bársonyos'),
('Basal'),
('Báta'),
('Bátaapáti'),
('Baté'),
('Baté'),
('Bátmonostor'),
('Bátonyterenye'),
('Bátonyterenye'),
('Bátonyterenye'),
('Bátor'),
('Bátorliget'),
('Battonya'),
('Bátya'),
('Batyk'),
('Bázakerettye'),
('Bazsi'),
('Béb'),
('Becsehely'),
('Becske'),
('Becskeháza'),
('Becsvölgye'),
('Bedegkér'),
('Bedő'),
('Bejcgyertyános'),
('Bejcgyertyános'),
('Békás'),
('Bekecs'),
('Békés'),
('Békéscsaba'),
('Békéscsaba'),
('Békéscsaba'),
('Békéssámson'),
('Békésszentandrás'),
('Bekölce'),
('Bélapátfalva'),
('Bélavár'),
('Belecska'),
('Beled'),
('Beleg'),
('Beleg'),
('Belezna'),
('Bélmegyer'),
('Beloiannisz'),
('Belsősárd'),
('Belvárdgyula'),
('Benk'),
('Bénye'),
('Bér'),
('Bérbaltavár'),
('Bercel'),
('Beregdaróc'),
('Beregsurány'),
('Berekböszörmény'),
('Berekfürdő'),
('Beremend'),
('Berente'),
('Beret'),
('Berettyóújfalu'),
('Berhida'),
('Berhida'),
('Berkenye'),
('Berkesd'),
('Berkesz'),
('Bernecebaráti'),
('Berzék'),
('Berzence'),
('Besence'),
('Besenyőd'),
('Besenyőtelek'),
('Besenyszög'),
('Besenyszög'),
('Besnyő'),
('Beszterec'),
('Bezedek'),
('Bezenye'),
('Bezeréd'),
('Bezi'),
('Biatorbágy'),
('Bicske'),
('Bicske'),
('Bihardancsháza'),
('Biharkeresztes'),
('Biharnagybajom'),
('Bihartorda'),
('Biharugra'),
('Bikács'),
('Bikal'),
('Biri'),
('Bisse'),
('Bő'),
('Boba'),
('Bocfölde'),
('Boconád'),
('Bőcs'),
('Bócsa'),
('Bocska'),
('Bocskaikert'),
('Boda'),
('Bodajk'),
('Böde'),
('Bödeháza'),
('Bodmér'),
('Bodolyabér'),
('Bodonhely'),
('Bodony'),
('Bodorfa'),
('Bodrog'),
('Bodroghalom'),
('Bodrogkeresztúr'),
('Bodrogkisfalud'),
('Bodrogolaszi'),
('Bódvarákó'),
('Bódvaszilas'),
('Bogács'),
('Bogád'),
('Bogádmindszent'),
('Bogdása'),
('Bögöt'),
('Bögöte'),
('Bogyiszló'),
('Bogyiszló'),
('Bogyoszló'),
('Böhönye'),
('Bojt'),
('Bókaháza'),
('Bokod'),
('Bököny'),
('Bokor'),
('Bölcske'),
('Bölcske'),
('Boldog'),
('Boldogkőújfalu'),
('Boldva'),
('Bolhás'),
('Bolhó'),
('Bóly'),
('Bonnya'),
('Bonnya'),
('Bőny'),
('Bonyhád'),
('Bonyhád'),
('Bonyhád'),
('Bonyhád'),
('Bonyhád'),
('Bonyhádvarasd'),
('Börcs'),
('Bordány'),
('Borgáta'),
('Borjád'),
('Borota'),
('Borsfa'),
('Borsodbóta'),
('Borsodgeszt'),
('Borsodivánka'),
('Borsodnádasd'),
('Borsodnádasd'),
('Borsodszentgyörgy'),
('Borsodszirák'),
('Borsosberény'),
('Borszörcsök'),
('Borzavár'),
('Börzönce'),
('Bősárkány'),
('Bőszénfa'),
('Bőszénfa'),
('Botpalád'),
('Botykapeterd'),
('Bozsok'),
('Bózsva'),
('Bozzai'),
('Bucsa'),
('Bucsu'),
('Bucsuta'),
('Budajenő'),
('Budakalász'),
('Budakeszi'),
('Budaörs'),
('Budapest I.'),
('Budapest I.'),
('Budapest I.'),
('Budapest I.'),
('Budapest I.'),
('Budapest I.'),
('Budapest I.'),
('Budapest II.'),
('Budapest II.'),
('Budapest II.'),
('Budapest II.'),
('Budapest II.'),
('Budapest II.'),
('Budapest II.'),
('Budapest II.'),
('Budapest II.'),
('Budapest III.'),
('Budapest III.'),
('Budapest III.'),
('Budapest III.'),
('Budapest III.'),
('Budapest III.'),
('Budapest III.'),
('Budapest III.'),
('Budapest III.'),
('Budapest IV.'),
('Budapest IV.'),
('Budapest IV.'),
('Budapest IV.'),
('Budapest IV.'),
('Budapest IV.'),
('Budapest IV.'),
('Budapest IV.'),
('Budapest IX.'),
('Budapest IX.'),
('Budapest IX.'),
('Budapest IX.'),
('Budapest IX.'),
('Budapest IX.'),
('Budapest IX.'),
('Budapest IX.'),
('Budapest V.'),
('Budapest V.'),
('Budapest V.'),
('Budapest V.'),
('Budapest V.'),
('Budapest V.'),
('Budapest VI.'),
('Budapest VI.'),
('Budapest VI.'),
('Budapest VI.'),
('Budapest VI.'),
('Budapest VI.'),
('Budapest VI.'),
('Budapest VI.'),
('Budapest VII.'),
('Budapest VII.'),
('Budapest VII.'),
('Budapest VII.'),
('Budapest VII.'),
('Budapest VII.'),
('Budapest VII.'),
('Budapest VII.'),
('Budapest VIII.'),
('Budapest VIII.'),
('Budapest VIII.'),
('Budapest VIII.'),
('Budapest VIII.'),
('Budapest VIII.'),
('Budapest VIII.'),
('Budapest VIII.'),
('Budapest VIII.'),
('Budapest X.'),
('Budapest X.'),
('Budapest X.'),
('Budapest X.'),
('Budapest X.'),
('Budapest X.'),
('Budapest X.'),
('Budapest X.'),
('Budapest XI.'),
('Budapest XI.'),
('Budapest XI.'),
('Budapest XI.'),
('Budapest XI.'),
('Budapest XI.'),
('Budapest XI.'),
('Budapest XI.'),
('Budapest XI.'),
('Budapest XII.'),
('Budapest XII.'),
('Budapest XII.'),
('Budapest XII.'),
('Budapest XII.'),
('Budapest XII.'),
('Budapest XII.'),
('Budapest XIII.'),
('Budapest XIII.'),
('Budapest XIII.'),
('Budapest XIII.'),
('Budapest XIII.'),
('Budapest XIII.'),
('Budapest XIII.'),
('Budapest XIII.'),
('Budapest XIII.'),
('Budapest XIV.'),
('Budapest XIV.'),
('Budapest XIV.'),
('Budapest XIV.'),
('Budapest XIV.'),
('Budapest XIV.'),
('Budapest XIV.'),
('Budapest XIV.'),
('Budapest XIV.'),
('Budapest XIX.'),
('Budapest XIX.'),
('Budapest XIX.'),
('Budapest XIX.'),
('Budapest XIX.'),
('Budapest XIX.'),
('Budapest XV.'),
('Budapest XV.'),
('Budapest XV.'),
('Budapest XV.'),
('Budapest XV.'),
('Budapest XV.'),
('Budapest XV.'),
('Budapest XV.'),
('Budapest XVI.'),
('Budapest XVI.'),
('Budapest XVI.'),
('Budapest XVI.'),
('Budapest XVI.'),
('Budapest XVII.'),
('Budapest XVII.'),
('Budapest XVII.'),
('Budapest XVII.'),
('Budapest XVIII.'),
('Budapest XVIII.'),
('Budapest XVIII.'),
('Budapest XVIII.'),
('Budapest XVIII.'),
('Budapest XVIII.'),
('Budapest XVIII.'),
('Budapest XX.'),
('Budapest XX.'),
('Budapest XX.'),
('Budapest XX.'),
('Budapest XX.'),
('Budapest XXI.'),
('Budapest XXI.'),
('Budapest XXI.'),
('Budapest XXI.'),
('Budapest XXI.'),
('Budapest XXII.'),
('Budapest XXII.'),
('Budapest XXII.'),
('Budapest XXII.'),
('Budapest XXII.'),
('Budapest XXIII.'),
('Budapest XXIII.'),
('Budapest XXIII.'),
('Bugac'),
('Bugyi'),
('Buj'),
('Buják'),
('Bük'),
('Bük'),
('Bükkábrány'),
('Bükkaranyos'),
('Bükkmogyorósd'),
('Bükkösd'),
('Bükkösd'),
('Bükkszék'),
('Bükkszenterzsébet'),
('Bükkszenterzsébet'),
('Bükkszentkereszt'),
('Bükkzsérc'),
('Bürüs'),
('Bürüs'),
('Büssü'),
('Büttös'),
('Buzsák'),
('Cák'),
('Cakóháza'),
('Cece'),
('Cégénydányád'),
('Cegléd'),
('Cegléd'),
('Ceglédbercel'),
('Celldömölk'),
('Celldömölk'),
('Cered'),
('Cered'),
('Cered'),
('Chernelházadamonya'),
('Cibakháza'),
('Cibakháza'),
('Cigánd'),
('Cirák'),
('Csabacsűd'),
('Csabaszabadi'),
('Csabrendek'),
('Csabrendek'),
('Csáfordjánosfa'),
('Csaholc'),
('Csajág'),
('Csákány'),
('Csákánydoroszló'),
('Csákberény'),
('Csákvár'),
('Csanádalberti'),
('Csanádapáca'),
('Csanádpalota'),
('Csánig'),
('Csány'),
('Csányoszró'),
('Csanytelek'),
('Csapi'),
('Csapod'),
('Csárdaszállás'),
('Csaroda'),
('Császár'),
('Császártöltés'),
('Császló'),
('Csátalja'),
('Csatár'),
('Csataszög'),
('Csatka'),
('Csávoly'),
('Csécse'),
('Csegöld'),
('Csehbánya'),
('Csehi'),
('Csehimindszent'),
('Csehimindszent'),
('Csém'),
('Csemő'),
('Csempeszkopács'),
('Csengele'),
('Csenger'),
('Csengersima'),
('Csengerújfalu'),
('Csengőd'),
('Csénye'),
('Csép'),
('Csépa'),
('Csepreg'),
('Cserénfa'),
('Cserépfalu'),
('Cserépváralja'),
('Cserháthaláp'),
('Cserhátsurány'),
('Cserkeszőlő'),
('Cserkút'),
('Cserszegtomaj'),
('Csertalakos'),
('Csesznek'),
('Csesznek'),
('Csesztve'),
('Csetény'),
('Csévharaszt'),
('Csibrák'),
('Csikéria'),
('Csikóstőttős'),
('Csikvánd'),
('Csincse'),
('Csipkerek'),
('Csitár'),
('Csobád'),
('Csobaj'),
('Csobánka'),
('Csöde'),
('Csögle'),
('Csókakő'),
('Csökmő'),
('Csököly'),
('Csokonyavisonta'),
('Csokvaomány'),
('Csolnok'),
('Csólyospálos'),
('Csoma'),
('Csomád'),
('Csombárd'),
('Csömend'),
('Csömödér'),
('Csömör'),
('Csömör'),
('Csönge'),
('Csongrád'),
('Csongrád'),
('Csonkahegyhát'),
('Csopak'),
('Csór'),
('Csorna'),
('Csorna'),
('Csörnyeföld'),
('Csörög'),
('Csörötnek'),
('Csorvás'),
('Csősz'),
('Csót'),
('Csővár'),
('Csurgó'),
('Cún'),
('Dabas'),
('Dabas'),
('Dabas'),
('Dabronc'),
('Dabrony'),
('Dad'),
('Dág'),
('Dáka'),
('Dáka'),
('Dalmand'),
('Dámóc'),
('Dánszentmiklós'),
('Dány'),
('Daraboshegy'),
('Darány'),
('Darnó'),
('Darnózseli'),
('Daruszentmiklós'),
('Darvas'),
('Dávod'),
('Debrecen'),
('Debrecen'),
('Debrecen'),
('Debrecen'),
('Debrecen'),
('Debrecen'),
('Debrecen'),
('Debrecen'),
('Debrecen'),
('Debrecen'),
('Debrecen'),
('Debrecen'),
('Debrecen'),
('Debrecen'),
('Debrecen'),
('Debrecen'),
('Debrecen'),
('Debréte'),
('Decs'),
('Dédestapolcsány'),
('Dég'),
('Dejtár'),
('Délegyháza'),
('Demecser'),
('Demjén'),
('Dénesfa'),
('Derecske'),
('Derekegyház'),
('Deszk'),
('Detk'),
('Dévaványa'),
('Devecser'),
('Diósberény'),
('Diósd'),
('Diósjenő'),
('Dióskál'),
('Diósviszló'),
('Doba'),
('Döbörhegy'),
('Doboz'),
('Dobri'),
('Döbröce'),
('Döbrököz'),
('Dobronhegy'),
('Döbrönte'),
('Dóc'),
('Döge'),
('Domaháza'),
('Domaszék'),
('Dombegyház'),
('Dombiratos'),
('Dombrád'),
('Dombrád'),
('Domony'),
('Dömös'),
('Domoszló'),
('Dömsöd'),
('Dörgicse'),
('Dormánd'),
('Dorog'),
('Dorogháza'),
('Döröske'),
('Dötk'),
('Dövény'),
('Dozmat'),
('Drágszél'),
('Drávacsehi'),
('Drávacsepely'),
('Drávafok'),
('Drávagárdony'),
('Drávaiványi'),
('Drávapalkonya'),
('Drávaszabolcs'),
('Drávaszerdahely'),
('Drávatamási'),
('Drégelypalánk'),
('Dubicsány'),
('Dudar'),
('Duka'),
('Dunaalmás'),
('Dunabogdány'),
('Dunaegyháza'),
('Dunafalva'),
('Dunaföldvár'),
('Dunaharaszti'),
('Dunakeszi'),
('Dunakiliti'),
('Dunapataj'),
('Dunaremete'),
('Dunaszeg'),
('Dunaszekcső'),
('Dunaszentbenedek'),
('Dunaszentgyörgy'),
('Dunaszentmiklós'),
('Dunaszentpál'),
('Dunasziget'),
('Dunatetétlen'),
('Dunatetétlen'),
('Dunaújváros'),
('Dunaújváros'),
('Dunavarsány'),
('Dunavecse'),
('Dusnok'),
('Dúzs'),
('Ebergőc'),
('Ebes'),
('Écs'),
('Ecséd'),
('Ecséd'),
('Ecseg'),
('Ecsegfalva'),
('Ecseny'),
('Ecser'),
('Eger'),
('Eger'),
('Egeraracsa'),
('Egerbakta'),
('Egerbocs'),
('Egercsehi'),
('Egerfarmos'),
('Egerlövő'),
('Egerszalók'),
('Égerszög'),
('Egerszólát'),
('Egervár'),
('Egervölgy'),
('Egyed'),
('Egyek'),
('Egyek'),
('Egyházasdengeleg'),
('Egyházasfalu'),
('Egyházasgerge'),
('Egyházasharaszti'),
('Egyházashollós'),
('Egyházaskesző'),
('Egyházaskesző'),
('Egyházaskozár'),
('Egyházasrádóc'),
('Elek'),
('Ellend'),
('Előszállás'),
('Emőd'),
('Encsencs'),
('Endrefalva'),
('Enese'),
('Enying'),
('Enying'),
('Eperjes'),
('Eperjeske'),
('Eplény'),
('Epöl'),
('Ercsi'),
('Ercsi'),
('Érd'),
('Erdőbénye'),
('Erdőhorváti'),
('Erdőkertes'),
('Erdőkövesd'),
('Erdőkürt'),
('Erdősmárok'),
('Erdősmecske'),
('Erdőtarcsa'),
('Erdőtelek'),
('Erk'),
('Érpatak'),
('Érpatak'),
('Érsekcsanád'),
('Érsekhalma'),
('Érsekvadkert'),
('Értény'),
('Erzsébet'),
('Esztár'),
('Eszteregnye'),
('Esztergályhorváti'),
('Esztergom'),
('Esztergom'),
('Esztergom'),
('Ete'),
('Etes'),
('Etyek'),
('Fábiánháza'),
('Fábiánsebestyén'),
('Fácánkert'),
('Fadd'),
('Fadd'),
('Fáj'),
('Fajsz'),
('Fancsal'),
('Farád'),
('Farkasgyepű'),
('Farkaslyuk'),
('Farmos'),
('Fazekasboda'),
('Fedémes'),
('Fegyvernek'),
('Fehérgyarmat'),
('Fehértó'),
('Fehérvárcsurgó'),
('Feked'),
('Feketeerdő'),
('Felcsút'),
('Feldebrő'),
('Felgyő'),
('Felpéc'),
('Felsőcsatár'),
('Felsődobsza'),
('Felsőegerszeg'),
('Felsőjánosfa'),
('Felsőkelecsény'),
('Felsőlajos'),
('Felsőlajos'),
('Felsőmarác'),
('Felsőmocsolád'),
('Felsőnána'),
('Felsőnyék'),
('Felsőörs'),
('Felsőpáhok'),
('Felsőpakony'),
('Felsőpetény'),
('Felsőszentiván'),
('Felsőszentmárton'),
('Felsőszölnök'),
('Felsőtárkány'),
('Felsőtold'),
('Felsővadász'),
('Felsőzsolca'),
('Fényeslitke'),
('Fenyőfő'),
('Ferencszállás'),
('Fertőboz'),
('Fertőd'),
('Fertőd'),
('Fertőendréd'),
('Fertőhomok'),
('Fertőrákos'),
('Fertőrákos'),
('Fertőszentmiklós'),
('Fertőszéplak'),
('Fiad'),
('Fityeház'),
('Foktő'),
('Foktő'),
('Földeák'),
('Földes'),
('Folyás'),
('Folyás'),
('Fony'),
('Főnyed'),
('Fonyód'),
('Fonyód,Alsóbélatelep'),
('Forráskút'),
('Forró'),
('Fót'),
('Füle'),
('Fülesd'),
('Fulókércs'),
('Fülöp'),
('Fülöpháza'),
('Fülöpjakab'),
('Fülöpszállás'),
('Fülpösdaróc'),
('Fürged'),
('Furta'),
('Füzér'),
('Füzérkomlós'),
('Füzérradvány'),
('Füzesabony'),
('Füzesgyarmat'),
('Fűzvölgy'),
('Gáborján'),
('Gacsály'),
('Gadács'),
('Gadány'),
('Gádoros'),
('Gagybátor'),
('Gagyvendégi'),
('Galambok'),
('Galambok'),
('Galambok'),
('Galgaguta'),
('Galgagyörk'),
('Galgahévíz'),
('Galgamácsa'),
('Gálosfa'),
('Gamás'),
('Gánt'),
('Gara'),
('Garabonc'),
('Garadna'),
('Garbolc'),
('Gárdony'),
('Gárdony'),
('Gárdony'),
('Garé'),
('Gasztony'),
('Gátér'),
('Gávavencsellő'),
('Gávavencsellő'),
('Gecse'),
('Géderlak'),
('Gégény'),
('Gelej'),
('Gelénes'),
('Gellénháza'),
('Gelse'),
('Gemzse'),
('Gencsapáti'),
('Gerde'),
('Gerendás'),
('Gerényes'),
('Geresdlak'),
('Gerjen'),
('Gersekarát'),
('Geszt'),
('Geszt'),
('Gesztely'),
('Gesztely'),
('Geszteréd'),
('Gétye'),
('Gibárt'),
('Gige'),
('Gilvánfa'),
('Girincs'),
('Göd'),
('Göd'),
('Gödöllő'),
('Gödre'),
('Gödre'),
('Gógánfa'),
('Gölle'),
('Golop'),
('Gomba'),
('Gombosszeg'),
('Gömörszőlős'),
('Gönc'),
('Göncruszka'),
('Gönyű'),
('Görbeháza'),
('Görcsöny'),
('Görcsönydoboka'),
('Gordisa'),
('Görgeteg'),
('Gősfa'),
('Gulács'),
('Gyál'),
('Gyalóka'),
('Gyanógeregye'),
('Gyarmat'),
('Gyarmat'),
('Gyékényes'),
('Gyenesdiás'),
('Gyepükaján'),
('Gyermely'),
('Gyód'),
('Gyomaendrőd'),
('Gyomaendrőd'),
('Gyömöre'),
('Gyömrő'),
('Gyöngyös'),
('Gyöngyös'),
('Gyöngyös'),
('Gyöngyös'),
('Gyöngyösfalu'),
('Gyöngyöshalász'),
('Gyöngyösmellék'),
('Gyöngyösoroszi'),
('Gyöngyöspata'),
('Gyöngyössolymos'),
('Gyöngyöstarján'),
('Gyönk'),
('Győr'),
('Győr'),
('Győr'),
('Győr'),
('Győr'),
('Győr'),
('Győr'),
('Győr'),
('Győr'),
('Győr'),
('Győr'),
('Győr'),
('Győr'),
('Győr'),
('Győrasszonyfa'),
('Győrasszonyfa'),
('Györe'),
('Györgytarló'),
('Györköny'),
('Győrladamér'),
('Gyóró'),
('Győröcske'),
('Győrság'),
('Győrsövényház'),
('Győrszemere'),
('Győrtelek'),
('Győrújbarát'),
('Győrújfalu'),
('Győrvár'),
('Győrzámoly'),
('Győrzámoly'),
('Gyugy'),
('Gyügye'),
('Gyula'),
('Gyula'),
('Gyulaháza'),
('Gyulaj'),
('Gyulakeszi'),
('Gyüre'),
('Gyúró'),
('Gyűrűs'),
('Hács'),
('Hahót'),
('Hajdúbagos'),
('Hajdúböszörmény'),
('Hajdúböszörmény'),
('Hajdúböszörmény'),
('Hajdúböszörmény'),
('Hajdúdorog'),
('Hajdúhadház'),
('Hajdúnánás'),
('Hajdúnánás'),
('Hajdúsámson'),
('Hajdúszoboszló'),
('Hajdúszoboszló'),
('Hajdúszovát'),
('Hajmáskér'),
('Hajós'),
('Halastó'),
('Halászi'),
('Halásztelek'),
('Halimba'),
('Halmaj'),
('Halmajugra'),
('Hangács'),
('Hangony'),
('Hantos'),
('Harasztifalu'),
('Harc'),
('Harka'),
('Harkakötöny'),
('Harkány'),
('Háromhuta'),
('Harsány'),
('Hárskút'),
('Harta'),
('Harta'),
('Harta'),
('Hásságy'),
('Hatvan'),
('Hédervár'),
('Hédervár'),
('Hedrehely'),
('Hedrehely'),
('Hedrehely'),
('Hegyesd'),
('Hegyeshalom'),
('Hegyfalu'),
('Hegyháthodász'),
('Hegyhátmaróc'),
('Hegyhátszentmárton'),
('Hegyhátszentpéter'),
('Hegykő'),
('Hegymagas'),
('Hegymeg'),
('Hegyszentmárton'),
('Héhalom'),
('Héhalom'),
('Hejce'),
('Hejőbába'),
('Hejőkeresztúr'),
('Hejőkürt'),
('Hejőpapi'),
('Hejőszalonta'),
('Helvécia'),
('Hencida'),
('Herceghalom'),
('Hercegkút'),
('Hercegszántó'),
('Heréd'),
('Héreg'),
('Herencsény'),
('Herend'),
('Heresznye'),
('Hermánszeg'),
('Hernád'),
('Hernádbűd'),
('Hernádcéce'),
('Hernádkércs'),
('Hernádnémeti'),
('Hernádpetri'),
('Hernádszentandrás'),
('Hernádszurdok'),
('Hernyék'),
('Hét'),
('Hetefejércse'),
('Hetvehely'),
('Hetyefő'),
('Heves'),
('Hevesaranyos'),
('Hevesvezekény'),
('Hévízgyörk'),
('Hidas'),
('Hidasnémeti'),
('Hidegkút'),
('Hidegség'),
('Himod'),
('Hobol'),
('Hodász'),
('Hódmezővásárhely'),
('Hódmezővásárhely'),
('Hőgyész'),
('Hőgyész'),
('Hőgyész'),
('Hollád'),
('Hollóháza'),
('Hollókő'),
('Homokbödöge'),
('Homokmégy'),
('Homokszentgyörgy'),
('Homorúd'),
('Homorúd'),
('Homorúd'),
('Homrogd'),
('Hont'),
('Horpács'),
('Hortobágy'),
('Horvátlövő'),
('Horvátzsidány'),
('Hosszúhetény'),
('Hosszúpályi'),
('Hosszúpályi'),
('Hosztót'),
('Hövej'),
('Hugyag'),
('Hunya'),
('Hunyadfalva'),
('Ibrány'),
('Igal'),
('Igal'),
('Igar'),
('Igar'),
('Igrici'),
('Iharos'),
('Iharosberény'),
('Ikervár'),
('Iklad'),
('Iklanberény'),
('Iklódbördőce'),
('Iklódbördőce'),
('Ikrény'),
('Iliny'),
('Ilk'),
('Illocska'),
('Imola'),
('Imrehegy'),
('Ináncs'),
('Inárcs'),
('Inke'),
('Ipolydamásd'),
('Ipolytarnóc'),
('Ipolytölgyes'),
('Ipolyvece'),
('Iregszemcse'),
('Isaszeg'),
('Ispánk'),
('Istenmezeje'),
('Istvándi'),
('Iszkaszentgyörgy'),
('Iszkáz'),
('Ivád'),
('Iván'),
('Ivánbattyán'),
('Iváncsa'),
('Ivándárda'),
('Izmény'),
('Izsák'),
('Izsófalva'),
('Jágónak'),
('Ják'),
('Jakabszállás'),
('Jákfa'),
('Jákó'),
('Jánd'),
('Jánkmajtis'),
('Jánoshalma'),
('Jánosháza'),
('Jánoshida'),
('Jánossomorja'),
('Jánossomorja'),
('Jánossomorja'),
('Járdánháza'),
('Jármi'),
('Jásd'),
('Jászágó'),
('Jászalsószentgyörgy'),
('Jászapáti'),
('Jászárokszállás'),
('Jászberény'),
('Jászberény'),
('Jászboldogháza'),
('Jászdózsa'),
('Jászfelsőszentgyörgy'),
('Jászfényszaru'),
('Jászivány'),
('Jászjákóhalma'),
('Jászkarajenő'),
('Jászkisér'),
('Jászladány'),
('Jászszentandrás'),
('Jászszentlászló'),
('Jásztelek'),
('Jéke'),
('Jenő'),
('Jobaháza'),
('Jobbágyi'),
('Jósvafő'),
('Juta'),
('Kaba'),
('Kacorlak'),
('Kács'),
('Kadarkút'),
('Kajárpéc'),
('Kajárpéc'),
('Kajászó'),
('Kajdacs'),
('Kakasd'),
('Kákics'),
('Kakucs'),
('Kál'),
('Kalaznó'),
('Káld'),
('Kálló'),
('Kallósd'),
('Kállósemjén'),
('Kálmáncsa'),
('Kálmánháza'),
('Kálócfa'),
('Káloz'),
('Kamond'),
('Kamut'),
('Kántorjánosi'),
('Kánya'),
('Kányavár'),
('Kápolnásnyék'),
('Kapoly'),
('Kapoly'),
('Kaposfő'),
('Kaposhomok'),
('Kaposmérő'),
('Kapospula'),
('Kaposszekcső'),
('Kaposszerdahely'),
('Kaposújlak'),
('Kaposvár'),
('Kaposvár,Toponár'),
('Káptalantóti'),
('Kapuvár'),
('Kapuvár'),
('Kára'),
('Karácsond'),
('Karád'),
('Karakó'),
('Karakószörcsök'),
('Karancsalja'),
('Karancsberény'),
('Karancskeszi'),
('Karancslapujtő'),
('Karancsság'),
('Kárász'),
('Karcag'),
('Karcsa'),
('Kardos'),
('Kardoskút'),
('Karmacs'),
('Károlyháza'),
('Karos'),
('Kartal'),
('Kaskantyú'),
('Kaszaper'),
('Kaszó'),
('Katymár'),
('Káva'),
('Kávás'),
('Kazár'),
('Kazár'),
('Kazár'),
('Kazincbarcika'),
('Kázsmárk'),
('Kazsok'),
('Kecel'),
('Kecskéd'),
('Kecskemét'),
('Kecskemét'),
('Kecskemét'),
('Kehidakustány'),
('Kék'),
('Kékcse'),
('Kéked'),
('Kékkút'),
('Kelebia'),
('Keléd'),
('Kéleshalom'),
('Kelevíz'),
('Kemecse'),
('Kemence'),
('Kemendollár'),
('Kemeneshőgyész'),
('Kemeneskápolna'),
('Kemenesmagasi'),
('Kemenesmihályfa'),
('Kemenesmihályfa'),
('Kemenespálfa'),
('Kemenessömjén'),
('Kemenesszentmárton'),
('Kemenesszentpéter'),
('Keménfa'),
('Kemestaródfa'),
('Kemse'),
('Kenderes'),
('Kenderes'),
('Kenézlő'),
('Kengyel'),
('Kenyeri'),
('Kercaszomor'),
('Kercseliget'),
('Kerecsend'),
('Kerecseny'),
('Kerekegyháza'),
('Kerekharaszt'),
('Kereki'),
('Kerékteleki'),
('Kerepes'),
('Kerepes,Szilasliget'),
('Kerkabarabás'),
('Kérsemjén'),
('Kerta'),
('Kertészsziget'),
('Keszeg'),
('Kesznyéten'),
('Keszőhidegkút'),
('Keszthely'),
('Kesztölc'),
('Kétbodony'),
('Kétegyháza'),
('Kéthely'),
('Kétpó'),
('Kétsoprony'),
('Kétújfalu'),
('Kéty'),
('Kevermes'),
('Kimle'),
('Kincsesbánya'),
('Királd'),
('Királyegyháza'),
('Királyhegyes'),
('Királyszentistván'),
('Kisapáti'),
('Kisapostag'),
('Kisar'),
('Kisbabot'),
('Kisbágyon'),
('Kisbajcs'),
('Kisbajom'),
('Kisbárkány'),
('Kisbér'),
('Kisbér'),
('Kisberény'),
('Kisbeszterce'),
('Kisbodak'),
('Kiscsehi'),
('Kiscsősz'),
('Kisdobsza'),
('Kisdombegyház'),
('Kisfalud'),
('Kisfüzes'),
('Kisgörbő'),
('Kisgyalán'),
('Kisgyőr'),
('Kishartyán'),
('Kishódos'),
('Kisigmánd'),
('Kisjakabfalva'),
('Kiskassa'),
('Kiskinizs'),
('Kisköre'),
('Kiskőrös'),
('Kiskorpád'),
('Kiskunfélegyháza'),
('Kiskunhalas'),
('Kiskunmajsa'),
('Kiskutas'),
('Kisláng'),
('Kisléta'),
('Kislőd'),
('Kismányok'),
('Kismarja'),
('Kismaros'),
('Kisnána'),
('Kisnémedi'),
('Kisnyárád'),
('Kisoroszi'),
('Kispalád'),
('Kispáli'),
('Kispirit'),
('Kisrákos'),
('Kisrozvágy'),
('Kissomlyó'),
('Kisszállás'),
('Kisszékely'),
('Kisszekeres'),
('Kisszőlős'),
('Kistamási'),
('Kistapolca'),
('Kistelek'),
('Kistokaj'),
('Kistolmács'),
('Kistormás'),
('Kistótfalu'),
('Kisújszállás'),
('Kisunyom'),
('Kisvárda'),
('Kisvarsány'),
('Kisvásárhely'),
('Kisvejke'),
('Kiszombor'),
('Klárafalva'),
('Köblény'),
('Kocs'),
('Kocsér'),
('Kocsola'),
('Kocsord'),
('Kóka'),
('Kokad'),
('Kökény'),
('Kölcse'),
('Kölesd'),
('Kölked'),
('Kölked'),
('Kolontár'),
('Komádi'),
('Komárom'),
('Komárom'),
('Komárom'),
('Komjáti'),
('Kömlő'),
('Komló'),
('Kömlőd'),
('Komlósd'),
('Komlóska'),
('Komoró'),
('Kömörő'),
('Kömpöc'),
('Kompolt'),
('Kondó'),
('Kondorfa'),
('Kondoros'),
('Kóny'),
('Kópháza'),
('Koppányszántó'),
('Korlát'),
('Körmend'),
('Körmend'),
('Környe'),
('Köröm'),
('Koroncó'),
('Kőröshegy'),
('Körösladány'),
('Körösnagyharsány'),
('Körösszakál'),
('Körösszegapáti'),
('Körösszegapáti'),
('Köröstarcsa'),
('Kőröstetétlen'),
('Körösújfalu'),
('Kosd'),
('Kóspallag'),
('Kőszárhegy'),
('Kőszeg'),
('Kőszegpaty'),
('Kótaj'),
('Kötcse'),
('Kötegyán'),
('Kőtelek'),
('Kovácsvágás'),
('Kővágótöttös'),
('Kövegy'),
('Köveskál'),
('Kozármisleny'),
('Kübekháza'),
('Kulcs'),
('Külsővat'),
('Kunadacs'),
('Kunágota'),
('Kunbaja'),
('Kunbaracs'),
('Kuncsorba'),
('Kunfehértó'),
('Küngös'),
('Kunmadaras'),
('Kunpeszér'),
('Kunszállás'),
('Kunszentmárton'),
('Kunszentmárton'),
('Kunszentmiklós'),
('Kunsziget'),
('Kup'),
('Kupa'),
('Kurd'),
('Kurityán'),
('Kustánszeg'),
('Lábatlan'),
('Lábod'),
('Lácacséke'),
('Ladánybene'),
('Lajoskomárom'),
('Lakitelek'),
('Lakócsa'),
('Lápafő'),
('Laskod'),
('Látrány'),
('Lázi'),
('Leányfalu'),
('Leányvár'),
('Lébény'),
('Lébény'),
('Legénd'),
('Legyesbénye'),
('Léh'),
('Lengyel'),
('Lenti'),
('Lepsény'),
('Lesencefalu'),
('Lesenceistvánd'),
('Létavértes'),
('Létavértes'),
('Letkés'),
('Levél'),
('Levelek'),
('Libickozma'),
('Liget'),
('Ligetfalva'),
('Lipót'),
('Liszó'),
('Litér'),
('Litka'),
('Litke'),
('Lőkösháza'),
('Lókút'),
('Lónya'),
('Lórév'),
('Lőrinci'),
('Lőrinci'),
('Lovas'),
('Lovasberény'),
('Lovászi'),
('Lövő'),
('Lövőpetri'),
('Lucfalva'),
('Ludányhalászi'),
('Ludas'),
('Lukácsháza'),
('Mád'),
('Madaras'),
('Madocsa'),
('Maglód'),
('Mágocs'),
('Magosliget'),
('Magy'),
('Magyaralmás'),
('Magyaratád'),
('Magyarbánhegyes'),
('Magyarcsanád'),
('Magyardombegyház'),
('Magyaregregy'),
('Magyaregres'),
('Magyargéc'),
('Magyargencs'),
('Magyarhomorog'),
('Magyarkeresztúr'),
('Magyarkeszi'),
('Magyarlukafa'),
('Magyarpolány'),
('Magyarszecsőd'),
('Magyarszék'),
('Magyarszombatfa'),
('Majosháza'),
('Majs'),
('Makád'),
('Makkoshotyka'),
('Maklár'),
('Makó'),
('Makó'),
('Malomsok'),
('Mályi'),
('Mályinka'),
('Mánd'),
('Mándok'),
('Mánfa'),
('Mány'),
('Marcalgergelyi'),
('Marcali'),
('Marcaltő'),
('Máriahalom'),
('Máriakálnok'),
('Máriakéménd'),
('Márianosztra'),
('Máriapócs'),
('Markaz'),
('Markotabödöge'),
('Márok'),
('Márokföld'),
('Márokpapi'),
('Maroslele'),
('Martfű'),
('Martonvásár'),
('Martonyi'),
('Mátészalka'),
('Mátételke'),
('Mátraballa'),
('Mátraderecske'),
('Mátramindszent'),
('Mátranovák'),
('Mátraszentimre'),
('Mátraszentimre'),
('Mátraszőlős'),
('Mátraterenye'),
('Mátraverebély'),
('Matty'),
('Mátyásdomb'),
('Mátyus'),
('Máza'),
('Mecseknádasd'),
('Mecseknádasd'),
('Medgyesbodzás'),
('Medgyesbodzás'),
('Medgyesegyháza'),
('Medgyesegyháza'),
('Medina'),
('Meggyeskovácsi'),
('Megyaszó'),
('Megyehíd'),
('Megyer'),
('Méhkerék'),
('Méhtelek'),
('Mekényes'),
('Mélykút'),
('Mencshely'),
('Mende'),
('Méra'),
('Mérges'),
('Mérk'),
('Mernye'),
('Mersevát'),
('Mesterháza'),
('Mesteri'),
('Mesterszállás'),
('Mesterszállás'),
('Meszes'),
('Meszlen'),
('Mezőberény'),
('Mezőcsát'),
('Mezőcsokonya'),
('Mezőfalva'),
('Mezőhegyes'),
('Mezőhék'),
('Mezőkeresztes'),
('Mezőkomárom'),
('Mezőkovácsháza'),
('Mezőkövesd'),
('Mezőladány'),
('Mezőlak'),
('Mezőlak'),
('Mezőnagymihály'),
('Mezőnyárád'),
('Mezőörs'),
('Mezőpeterd'),
('Mezőszemere'),
('Mezőszentgyörgy'),
('Mezőszilas'),
('Mezőtárkány'),
('Mezőzombor'),
('Miháld'),
('Mihálygerge'),
('Mihályháza'),
('Mihályi'),
('Mike'),
('Mikebuda'),
('Mikekarácsonyfa'),
('Mikepércs'),
('Miklósi'),
('Mikófalva'),
('Mikosszéplak'),
('Milejszeg'),
('Milota'),
('Mindszent'),
('Mindszentkálla'),
('Miske'),
('Miskolc'),
('Miskolc'),
('Miskolc'),
('Miskolc'),
('Miskolc'),
('Miskolc'),
('Miskolc'),
('Miskolc'),
('Miskolc'),
('Miskolc'),
('Miskolc'),
('Miskolc'),
('Miskolc'),
('Miskolc'),
('Miskolc'),
('Miskolc'),
('Miskolc'),
('Miskolc'),
('Miskolc'),
('Miszla'),
('Miszla'),
('Mocsa'),
('Mőcsény'),
('Mogyoród'),
('Moha'),
('Mohora'),
('Molnári'),
('Monok'),
('Monor'),
('Monor'),
('Mónosbél'),
('Mónosbél'),
('Monostorpályi'),
('Monoszló'),
('Monyoród'),
('Mór'),
('Mórágy'),
('Mórahalom'),
('Móricgát'),
('Mórichida'),
('Mosdós'),
('Mosonmagyaróvár'),
('Mosonszentmiklós'),
('Mosonszolnok'),
('Mucsfa'),
('Múcsony'),
('Muhi'),
('Murakeresztúr'),
('Muraszemenye'),
('Murga'),
('Murony'),
('Nábrád'),
('Nadap'),
('Nádasdladány'),
('Nágocs'),
('Nagyacsád'),
('Nagyar'),
('Nagyatád'),
('Nagybajcs'),
('Nagybajom'),
('Nagybakónak'),
('Nagybánhegyes'),
('Nagybaracska'),
('Nagybarca'),
('Nagyberény'),
('Nagyberki'),
('Nagybörzsöny'),
('Nagycenk'),
('Nagycsécs'),
('Nagycsepely'),
('Nagycserkesz'),
('Nagydém'),
('Nagydobos'),
('Nagydorog'),
('Nagyecsed'),
('Nagyér'),
('Nagyesztergár'),
('Nagyfüged'),
('Nagygeresd'),
('Nagygyimót'),
('Nagyhajmás'),
('Nagyhalász'),
('Nagyhalász'),
('Nagyharsány'),
('Nagyhegyes'),
('Nagyigmánd'),
('Nagyiván'),
('Nagykálló'),
('Nagykamarás'),
('Nagykanizsa'),
('Nagykanizsa'),
('Nagykanizsa,Sánc'),
('Nagykarácsony'),
('Nagykáta'),
('Nagykereki'),
('Nagykinizs'),
('Nagykökényes'),
('Nagykónyi'),
('Nagykőrös'),
('Nagykorpád'),
('Nagykörű'),
('Nagykovácsi'),
('Nagykozár'),
('Nagylak'),
('Nagylóc'),
('Nagylók'),
('Nagylózs'),
('Nagymágocs'),
('Nagymányok'),
('Nagymaros'),
('Nagynyárád'),
('Nagyoroszi'),
('Nagypall'),
('Nagypeterd'),
('Nagyrábé'),
('Nagyrada'),
('Nagyrákos'),
('Nagyréde'),
('Nagyrév'),
('Nagysáp'),
('Nagyszakácsi'),
('Nagyszékely'),
('Nagyszekeres'),
('Nagyszénás'),
('Nagyszentjános'),
('Nagyszokoly'),
('Nagytálya'),
('Nagytarcsa'),
('Nagytevel'),
('Nagytilaj'),
('Nagytőke'),
('Nagyút'),
('Nagyvarsány'),
('Nagyvázsony'),
('Nagyveleg'),
('Nagyvenyim'),
('Nagyvisnyó'),
('Nagyvisnyó'),
('Nak'),
('Napkor'),
('Nárai'),
('Narda'),
('Naszály'),
('Négyes'),
('Nekézseny'),
('Nemesapáti'),
('Nemesbikk'),
('Nemesbőd'),
('Nemesbük'),
('Nemesdéd'),
('Nemesgörzsöny'),
('Nemeskér'),
('Nemeskeresztúr'),
('Nemeskisfalud'),
('Nemeskolta'),
('Nemesládony'),
('Nemesmedves'),
('Nemesnádudvar'),
('Nemespátró'),
('Nemesrádó'),
('Nemesrempehollós'),
('Nemesszalók'),
('Nemesvámos'),
('Nemesvid'),
('Nemesvita'),
('Németkér'),
('Nemti'),
('Neszmély'),
('Nézsa'),
('Nick'),
('Nikla'),
('Nógrád'),
('Nógrádkövesd'),
('Nógrádmegyer'),
('Nógrádsáp'),
('Nógrádsipek'),
('Nógrádszakál'),
('Nóráp'),
('Noszlop'),
('Noszvaj'),
('Nőtincs'),
('Novaj'),
('Novajidrány'),
('Nyalka'),
('Nyárád'),
('Nyáregyháza'),
('Nyárlőrinc'),
('Nyársapát'),
('Nyékládháza'),
('Nyergesújfalu'),
('Nyim'),
('Nyíracsád'),
('Nyirád'),
('Nyíradony'),
('Nyíradony'),
('Nyíradony'),
('Nyírbátor'),
('Nyírbátor'),
('Nyírbéltek'),
('Nyírbogát'),
('Nyírbogdány'),
('Nyírbogdány'),
('Nyírcsaholy'),
('Nyírcsászári'),
('Nyírderzs'),
('Nyíregyháza'),
('Nyíregyháza'),
('Nyíregyháza'),
('Nyíregyháza'),
('Nyíregyháza'),
('Nyíregyháza'),
('Nyíregyháza'),
('Nyírgelse'),
('Nyírgyulaj'),
('Nyíribrony'),
('Nyírjákó'),
('Nyírkarász'),
('Nyírkáta'),
('Nyírkércs'),
('Nyírlövő'),
('Nyírlugos'),
('Nyírmada'),
('Nyírmártonfalva'),
('Nyírmeggyes'),
('Nyírmihálydi'),
('Nyírparasznya'),
('Nyírpazony'),
('Nyírpilis'),
('Nyírtass'),
('Nyírtét'),
('Nyírtura'),
('Nyírvasvári'),
('Nyőgér'),
('Nyúl'),
('Óbarok'),
('Öcs'),
('Ócsa'),
('Őcsény'),
('Öcsöd'),
('Ófehértó'),
('Óföldeák'),
('Óhíd'),
('Okány'),
('Okorág'),
('Ököritófülpös'),
('Olaszfa'),
('Olaszfalu'),
('Olaszliszka'),
('Ölbő'),
('Olcsva'),
('Olcsvaapáti'),
('Oltárc'),
('Ömböly'),
('Onga'),
('Ónod'),
('Ópályi'),
('Ópusztaszer'),
('Őr'),
('Őrbottyán'),
('Ordacsehi'),
('Ordas'),
('Öregcsertő'),
('Öreglak'),
('Öreglak'),
('Orfű'),
('Orgovány'),
('Őrhalom'),
('Őrimagyarósd'),
('Örkény'),
('Örményes'),
('Örménykút'),
('Ormosbánya'),
('Orosháza'),
('Orosháza'),
('Orosháza'),
('Oroszi'),
('Oroszlány'),
('Orosztony'),
('Ortaháza'),
('Őrtilos'),
('Ősi'),
('Öskü'),
('Öskü'),
('Osli'),
('Ostffyasszonyfa'),
('Ostoros'),
('Oszlár'),
('Osztopán'),
('Öttevény'),
('Öttömös'),
('Ötvöskónyi'),
('Ötvöskónyi'),
('Ózd'),
('Ózd'),
('Ózd'),
('Ózd'),
('Ózd'),
('Ozmánbük'),
('Ozora'),
('Pácin'),
('Pacsa'),
('Pácsony'),
('Páhi'),
('Pákozd'),
('Paks'),
('Pálfa'),
('Pálfiszeg'),
('Páli'),
('Palkonya'),
('Pálmonostora'),
('Palotabozsok'),
('Palotás'),
('Pánd'),
('Pankasz'),
('Pannonhalma'),
('Pannonhalma'),
('Panyola'),
('Pap'),
('Pápa'),
('Pápa'),
('Pápadereske'),
('Pápakovácsi'),
('Pápasalamon'),
('Pápateszér'),
('Papkeszi'),
('Pápoc'),
('Papos'),
('Parád'),
('Parád'),
('Parádsasvár'),
('Parasznya'),
('Pári'),
('Paszab'),
('Pásztó'),
('Pásztó'),
('Pásztó'),
('Pásztori'),
('Patak'),
('Patapoklosi'),
('Pátka'),
('Patosfa'),
('Pátroha'),
('Patvarc'),
('Páty'),
('Pátyod'),
('Pázmánd'),
('Pázmándfalu'),
('Pécel'),
('Pécs'),
('Pécs'),
('Pécs'),
('Pécs'),
('Pécs'),
('Pécs'),
('Pécs'),
('Pécs'),
('Pécs'),
('Pécs'),
('Pécs'),
('Pécs'),
('Pécs'),
('Pécs'),
('Pécs'),
('Pécs'),
('Pécs'),
('Pécs'),
('Pécsely'),
('Pécsudvard'),
('Pellérd'),
('Pély'),
('Penc'),
('Penészlek'),
('Penyige'),
('Pénzesgyőr'),
('Pér'),
('Pér'),
('Perbál'),
('Perenye'),
('Peresznye'),
('Pereszteg'),
('Perkáta'),
('Perkupa'),
('Perőcsény'),
('Péteri'),
('Pétervására'),
('Pétfürdő'),
('Petneháza'),
('Petőfiszállás'),
('Petőháza'),
('Pettend'),
('Piliny'),
('Pilis'),
('Pilisborosjenő'),
('Piliscsaba'),
('Piliscsév'),
('Pilisjászfalu'),
('Pilismarót'),
('Pilisszántó'),
('Pilisszentiván'),
('Pilisszentkereszt'),
('Pilisszentkereszt'),
('Pilisszentlászló'),
('Pilisvörösvár'),
('Pincehely'),
('Pinkamindszent'),
('Pinnye'),
('Pirtó'),
('Pitvaros'),
('Pocsaj'),
('Pócsmegyer'),
('Pócspetri'),
('Pogány'),
('Pogányszentpéter'),
('Polány'),
('Polgárdi'),
('Polgárdi'),
('Polgárdi'),
('Pölöske'),
('Pomáz'),
('Pörböly'),
('Porcsalma'),
('Poroszló'),
('Porrog'),
('Pórszombat'),
('Porva'),
('Pósfa'),
('Prügy'),
('Püspökhatvan'),
('Püspökladány'),
('Püspökmolnári'),
('Püspökszilágy'),
('Pusztacsalád'),
('Pusztadobos'),
('Pusztafalu'),
('Pusztaföldvár'),
('Pusztahencse'),
('Pusztakovácsi'),
('Pusztamagyaród'),
('Pusztamérges'),
('Pusztamiske'),
('Pusztamonostor'),
('Pusztaottlaka'),
('Pusztaszabolcs'),
('Pusztaszemes'),
('Pusztaszentlászló'),
('Pusztaszer'),
('Pusztaszőlős'),
('Pusztavacs'),
('Pusztavám'),
('Pusztazámor'),
('Putnok'),
('Rábacsanak'),
('Rábagyarmat'),
('Rábahídvég'),
('Rábakecöl'),
('Rábapatona'),
('Rábapaty'),
('Rábapordány'),
('Rábasebes'),
('Rábaszentandrás'),
('Rábaszentmihály'),
('Rábatamási'),
('Rábatöttös'),
('Rácalmás'),
('Ráckeresztúr'),
('Ráckeve'),
('Rád'),
('Radostyán'),
('Rajka'),
('Rakacaszend'),
('Rakamaz'),
('Rákóczibánya'),
('Rákóczifalva'),
('Rákócziújfalu'),
('Ramocsaháza'),
('Rápolt'),
('Raposka'),
('Rásonysápberencs'),
('Rátka'),
('Rátót'),
('Ravazd'),
('Recsk'),
('Réde'),
('Regöly'),
('Rém'),
('Remeteszőlős'),
('Répáshuta'),
('Répcelak'),
('Répceszentgyörgy'),
('Répcevis'),
('Rétalap'),
('Rétközberencs'),
('Rétság'),
('Révfülöp'),
('Révleányvár'),
('Rezi'),
('Ricse'),
('Rigyác'),
('Rimóc'),
('Rinyabesenyő'),
('Rinyaszentkirály'),
('Rinyaújlak'),
('Rohod'),
('Románd'),
('Romhány'),
('Romonya'),
('Rönök'),
('Röszke'),
('Rozsály'),
('Rózsaszentmárton'),
('Rudabánya'),
('Rudolftelep'),
('Ruzsa'),
('Ságújfalu'),
('Ságvár'),
('Sajóbábony'),
('Sajóecseg'),
('Sajógalgóc'),
('Sajóhídvég'),
('Sajóivánka'),
('Sajókápolna'),
('Sajókeresztúr'),
('Sajólád'),
('Sajómercse'),
('Sajónémeti'),
('Sajóörös'),
('Sajópálfala'),
('Sajópetri'),
('Sajópüspöki'),
('Sajósenye'),
('Sajószentpéter'),
('Sajószöged'),
('Sajtoskál'),
('Salgótarján'),
('Salgótarján'),
('Salgótarján'),
('Salgótarján'),
('Salgótarján'),
('Salköveskút'),
('Sály'),
('Sámsonháza'),
('Sand'),
('Sándorfalva'),
('Sántos'),
('Sáp'),
('Sáránd'),
('Sárazsadány'),
('Sárbogárd'),
('Sárbogárd'),
('Sárbogárd'),
('Sárbogárd'),
('Sáregres'),
('Sárhida'),
('Sárisáp'),
('Sarkad'),
('Sarkadkeresztúr'),
('Sárkeresztes'),
('Sárkeresztúr'),
('Sárkeszi'),
('Sármellék'),
('Sárosd'),
('Sárospatak'),
('Sárospatak'),
('Sárospatak'),
('Sárpilis'),
('Sárrétudvari'),
('Sarród'),
('Sarród'),
('Sárszentágota'),
('Sárszentlőrinc'),
('Sárszentmihály'),
('Sárszentmihály'),
('Sarud'),
('Sárvár'),
('Sárvár'),
('Sárvár'),
('Sáska'),
('Sáta'),
('Sátoraljaújhely'),
('Sátoraljaújhely'),
('Sátoraljaújhely'),
('Sátorhely'),
('Sé'),
('Segesd'),
('Semjénháza'),
('Sénye'),
('Sényő'),
('Seregélyes'),
('Serényfalva'),
('Sikátor'),
('Siklós'),
('Simaság'),
('Simonfa'),
('Simontornya'),
('Sióagárd'),
('Siójut'),
('Sirok'),
('Sitke'),
('Sobor'),
('Söjtör'),
('Soltszentimre'),
('Soltvadkert'),
('Sóly'),
('Solymár'),
('Som'),
('Somlójenő'),
('Somlóvásárhely'),
('Somodor'),
('Somogyaszaló'),
('Somogybabod'),
('Somogydöröcske'),
('Somogygeszti'),
('Somogyhatvan'),
('Somogymeggyes'),
('Somogysámson'),
('Somogysárd'),
('Somogysárd'),
('Somogysimonyi'),
('Somogyszentpál'),
('Somogytúr'),
('Somogyudvarhely'),
('Somogyvámos'),
('Somogyviszló'),
('Somogyzsitfa'),
('Sonkád'),
('Soponya'),
('Sopron'),
('Sopron'),
('Sopron'),
('Sopronhorpács'),
('Sopronkövesd'),
('Sopronnémeti'),
('Söpte'),
('Söréd'),
('Sormás'),
('Sorokpolány'),
('Sóshartyán'),
('Sóskút'),
('Sóstófalva'),
('Sótony'),
('Sukoró'),
('Sükösd'),
('Sülysáp'),
('Sümeg'),
('Súr'),
('Süttő'),
('Szabadbattyán'),
('Szabadbattyán'),
('Szabadegyháza'),
('Szabadhídvég'),
('Szabadhídvég'),
('Szabadkígyós'),
('Szabadszállás'),
('Szabás'),
('Szabolcs'),
('Szabolcsbáka'),
('Szabolcsveresmart'),
('Szada'),
('Szajk'),
('Szajla'),
('Szajol'),
('Szakadát'),
('Szakáld'),
('Szakály'),
('Szakcs'),
('Szakmár'),
('Szakmár'),
('Szakoly'),
('Szákszend'),
('Szalafő'),
('Szalaszend'),
('Szálka'),
('Szalkszentmárton'),
('Szamosangyalos'),
('Szamosbecs'),
('Szamoskér'),
('Szamosszeg'),
('Szamostatárfalva'),
('Szamosújlak'),
('Szanda'),
('Szank'),
('Szántód'),
('Szany'),
('Szápár'),
('Szár'),
('Szárász'),
('Szárazd'),
('Szárföld'),
('Szárliget'),
('Szarvas'),
('Szarvasgede'),
('Szászberek'),
('Szászvár'),
('Szatmárcseke'),
('Szátok'),
('Szatymaz'),
('Szava'),
('Százhalombatta'),
('Százhalombatta'),
('Százhalombatta'),
('Szebény'),
('Szécsénke'),
('Szécsény'),
('Szécsényfelfalu'),
('Szedres'),
('Szedres'),
('Szeged'),
('Szeged'),
('Szeged'),
('Szeged'),
('Szeged'),
('Szeged'),
('Szeged'),
('Szeged'),
('Szeged'),
('Szeged'),
('Szeged'),
('Szeged'),
('Szeged'),
('Szeged'),
('Szeged'),
('Szeged'),
('Szeghalom'),
('Szegi'),
('Szegvár'),
('Székely'),
('Székelyszabar'),
('Székesfehérvár'),
('Székesfehérvár'),
('Székkutas'),
('Szeleste'),
('Szelevény'),
('Szemenye'),
('Szendehely'),
('Szendrő'),
('Szenta'),
('Szentbékkálla'),
('Szentdénes'),
('Szentdomonkos'),
('Szentendre'),
('Szentes'),
('Szentgál'),
('Szentgáloskér'),
('Szentgotthárd'),
('Szentgotthárd'),
('Szentgotthárd'),
('Szentgyörgyvár'),
('Szentgyörgyvölgy'),
('Szentistván'),
('Szentkirály'),
('Szentkirályszabadja'),
('Szentkozmadombja'),
('Szentlőrinckáta'),
('Szentmártonkáta'),
('Szentpéterfa'),
('Szentpéterfölde'),
('Szentpéterszeg'),
('Szepetnek'),
('Szerecseny'),
('Szeremle'),
('Szerencs'),
('Szerep'),
('Szerep'),
('Szergény'),
('Szigetbecse'),
('Szigetcsép'),
('Szigethalom'),
('Szigetmonostor'),
('Szigetszentmárton'),
('Szigetszentmiklós'),
('Szigetújfalu'),
('Szigliget'),
('Szihalom'),
('Szikszó'),
('Szil'),
('Szilsárkány'),
('Szin'),
('Szirák'),
('Szirmabesenyő'),
('Szob'),
('Szőce'),
('Sződ'),
('Sződliget'),
('Szögliget'),
('Szőkedencs'),
('Szokolya'),
('Szólád'),
('Szolnok'),
('Szolnok'),
('Szombathely'),
('Szomód'),
('Szomolya'),
('Szomor'),
('Szörény'),
('Szorgalmatos'),
('Szűcsi'),
('Szügy'),
('Szuha'),
('Szuhakálló'),
('Szuhogy'),
('Szulok'),
('Szurdokpüspöki'),
('Tabajd'),
('Tabdi'),
('Táborfalva'),
('Tác'),
('Tahitótfalu'),
('Tahitótfalu'),
('Takácsi'),
('Tákos'),
('Taksony'),
('Taktabáj'),
('Taktaharkány'),
('Taktakenéz'),
('Taktaszada'),
('Taliándörögd'),
('Tállya'),
('Tanakajd'),
('Táp'),
('Tápióbicske'),
('Tápiógyörgye'),
('Tápióság'),
('Tápiószecső'),
('Tápiószele'),
('Tápiószentmárton'),
('Tápiószőlős'),
('Táplánszentkereszt'),
('Tapolca'),
('Tapsony'),
('Tápszentmiklós'),
('Tar'),
('Tarany'),
('Tarcal'),
('Tard'),
('Tardona'),
('Tardos'),
('Tarhos'),
('Tarján'),
('Tarjánpuszta'),
('Tárkány'),
('Tarnabod'),
('Tarnaméra'),
('Tarnaörs'),
('Tarnaszentmária'),
('Tarnaszentmiklós'),
('Tarnazsadány'),
('Tárnok'),
('Tarpa'),
('Táska'),
('Tass'),
('Tát'),
('Tata'),
('Tata'),
('Tatabánya'),
('Tataháza'),
('Tatárszentgyörgy'),
('Tázlár'),
('Téglás'),
('Telekes'),
('Telekgerendás'),
('Teleki'),
('Telki'),
('Telkibánya'),
('Tengőd'),
('Tenk'),
('Tényő'),
('Tépe'),
('Terem'),
('Terény'),
('Tereske'),
('Tés'),
('Tésa'),
('Tét'),
('Tetétlen'),
('Tevel'),
('Tibolddaróc'),
('Tiborszállás'),
('Tihany'),
('Timár'),
('Tinnye'),
('Tiszaadony'),
('Tiszaalpár'),
('Tiszaalpár'),
('Tiszabábolna'),
('Tiszabecs'),
('Tiszabercel'),
('Tiszabezdéd'),
('Tiszabő'),
('Tiszabura'),
('Tiszacsécse'),
('Tiszacsege'),
('Tiszacsermely'),
('Tiszadada'),
('Tiszaderzs'),
('Tiszadob'),
('Tiszadorogma'),
('Tiszaeszlár'),
('Tiszaeszlár'),
('Tiszaföldvár'),
('Tiszafüred'),
('Tiszafüred'),
('Tiszagyenda'),
('Tiszagyulaháza'),
('Tiszaigar'),
('Tiszainoka'),
('Tiszajenő'),
('Tiszakanyár'),
('Tiszakarád'),
('Tiszakécske'),
('Tiszakécske'),
('Tiszakerecseny'),
('Tiszakeszi'),
('Tiszakóród'),
('Tiszakürt'),
('Tiszakürt'),
('Tiszaladány'),
('Tiszalök'),
('Tiszalök'),
('Tiszalúc'),
('Tiszamogyorós'),
('Tiszanagyfalu'),
('Tiszanána'),
('Tiszaörs'),
('Tiszapalkonya'),
('Tiszapüspöki'),
('Tiszarád'),
('Tiszaroff'),
('Tiszasas'),
('Tiszasüly'),
('Tiszaszalka'),
('Tiszaszentimre'),
('Tiszaszentimre'),
('Tiszaszentmárton'),
('Tiszasziget'),
('Tiszaszőlős'),
('Tiszaszőlős'),
('Tiszaszőlős'),
('Tiszatardos'),
('Tiszatarján'),
('Tiszatelek'),
('Tiszatenyő'),
('Tiszaug'),
('Tiszaújváros'),
('Tiszavalk'),
('Tiszavárkony'),
('Tiszavárkony'),
('Tiszavasvári'),
('Tiszavid'),
('Tisztaberek'),
('Tóalmás'),
('Tófalu'),
('Tök'),
('Tokaj'),
('Tokod'),
('Tokodaltáró'),
('Tököl'),
('Tolcsva'),
('Told'),
('Tolmács'),
('Tolna'),
('Tolna-Mözs'),
('Tolnanémedi'),
('Töltéstava'),
('Tomajmonostora'),
('Tomor'),
('Tömörd'),
('Tömörkény'),
('Tompa'),
('Tordas'),
('Tormafölde'),
('Tormásliget'),
('Tornanádaska'),
('Tornaszentjakab'),
('Tornyiszentmiklós'),
('Tornyosnémeti'),
('Tornyospálca'),
('Törökbálint'),
('Törökszentmiklós'),
('Törökszentmiklós'),
('Törtel'),
('Tószeg'),
('Tótkomlós'),
('Tótszentmárton'),
('Tótszerdahely'),
('Töttös'),
('Tótvázsony'),
('Tunyogmatolcs'),
('Tura'),
('Túristvándi'),
('Türje'),
('Túrkeve'),
('Túrricse'),
('Tuzsér'),
('Tyukod'),
('Udvar'),
('Ugod'),
('Újhartyán'),
('Újiráz'),
('Újkenéz'),
('Újkér'),
('Újkígyós'),
('Újlengyel'),
('Újléta'),
('Újlőrincfalva'),
('Újrónafő'),
('Újsolt'),
('Újszalonta'),
('Újszász'),
('Újszentiván'),
('Újszentmargita'),
('Újszilvás'),
('Újtelek'),
('Újtikos'),
('Újudvar'),
('Ukk'),
('Üllés'),
('Üllő'),
('Und'),
('Úny'),
('Uppony'),
('Ura'),
('Uraiújfalu'),
('Úrhida'),
('Úri'),
('Úrkút'),
('Üröm'),
('Uszka'),
('Uszód'),
('Uzsa'),
('Vác'),
('Vácduka'),
('Vácegres'),
('Váchartyán'),
('Váckisújfalu'),
('Vácrátót'),
('Vácszentlászló'),
('Vaja'),
('Vajta'),
('Vál'),
('Valkó'),
('Vállaj'),
('Vállus'),
('Vámosatya'),
('Vámoscsalád'),
('Vámosgyörk'),
('Vámosmikola'),
('Vámosoroszi'),
('Vámospércs'),
('Vámosújfalu'),
('Váncsod'),
('Vanyarc'),
('Vanyola'),
('Váralja'),
('Varászló'),
('Váraszó'),
('Varbó'),
('Várda'),
('Várdomb'),
('Várgesztes'),
('Városföld'),
('Varsád'),
('Varsány'),
('Vasad'),
('Vasalja'),
('Vásárosbéc'),
('Vásárosmiske'),
('Vásárosnamény'),
('Vásárosnamény'),
('Vásárosnamény'),
('Vasasszonyfa'),
('Vasegerszeg'),
('Vashosszúfalu'),
('Vaskeresztes'),
('Vaskút'),
('Vasmegyer'),
('Vassurány'),
('Vasszécseny'),
('Vasszilvágy'),
('Vasvár'),
('Vaszar'),
('Vát'),
('Vatta'),
('Vécs'),
('Vecsés'),
('Végegyháza'),
('Vekerd'),
('Velem'),
('Velence'),
('Véménd'),
('Vép'),
('Vereb'),
('Veresegyház'),
('Verőce'),
('Verpelét'),
('Verseg'),
('Versend'),
('Vértesacsa'),
('Vérteskethely'),
('Vértessomló'),
('Vértesszőlős'),
('Vértestolna'),
('Vése'),
('Veszkény'),
('Veszprém'),
('Veszprém'),
('Veszprémvarsány'),
('Vésztő'),
('Vezseny'),
('Vilmány'),
('Vilonya'),
('Vilyvitány'),
('Vinár'),
('Vindornyalak'),
('Vindornyaszőlős'),
('Visegrád'),
('Visegrád'),
('Visonta'),
('Viss'),
('Viszák'),
('Visznek'),
('Vitnyéd'),
('Vizslás'),
('Vizsoly'),
('Vízvár'),
('Völcsej'),
('Vönöck'),
('Vonyarcvashegy'),
('Vörs'),
('Zagyvarékas'),
('Zagyvaszántó'),
('Zajta'),
('Zákány'),
('Zákányfalu'),
('Zákányszék'),
('Zalabér'),
('Zalacséb'),
('Zalaegerszeg'),
('Zalaegerszeg'),
('Zalaegerszeg,Andráshida'),
('Zalagyömörő'),
('Zalaháshágy'),
('Zalakaros'),
('Zalakomár'),
('Zalaszabar'),
('Zalaszegvár'),
('Zalaszentgrót'),
('Zalaszentgrót'),
('Zalaszentgrót'),
('Zalaszentgrót'),
('Zalaszentmihály'),
('Zalaújlak'),
('Zalavár'),
('Zalavég'),
('Zalkod'),
('Zamárdi'),
('Zámoly'),
('Zánka'),
('Zaránk'),
('Závod'),
('Zebegény'),
('Zemplénagárd'),
('Zichyújfalu'),
('Zics'),
('Zimány'),
('Zsadány'),
('Zsáka'),
('Zsámbék'),
('Zsámbok'),
('Zsana'),
('Zsarolyán'),
('Zsédeny'),
('Zsira'),
('Zsombó'),
('Zsujta'),
('Zsurk'),
('Zubogy');

-- --------------------------------------------------------

--
-- Tábla szerkezet ehhez a táblához `themes`
--

CREATE TABLE `themes` (
  `theme_id` int(11) NOT NULL,
  `theme_name` varchar(255) COLLATE utf8_hungarian_ci NOT NULL
) ENGINE=InnoDB DEFAULT CHARSET=utf8 COLLATE=utf8_hungarian_ci;

--
-- A tábla adatainak kiíratása `themes`
--

INSERT INTO `themes` (`theme_id`, `theme_name`) VALUES
(5, '2020-21 PANINI CHRONICLES SOCCER'),
(8, '2021-22 PANINI MOSAIC PREMIER LEAGUE EPL'),
(4, '2021-22 TOPPS BUNDESLIGA'),
(3, '2021-22 TOPPS UEFA CHAMPIONS LEAGUE'),
(10, '2022 PANINI ADRENALYN XL FIFA 365'),
(9, '2022 Panini FIFA World Cup Qatar Soccer Sticker'),
(7, '2022 Panini Prizm World Cup'),
(6, '2022 Topps Formula 1 Chrome Hobby'),
(2, 'Panini FIFA 365 2023 - Matrica'),
(1, 'Topps Turbo Attax Forma 1 2022');

-- --------------------------------------------------------

--
-- Tábla szerkezet ehhez a táblához `users`
--

CREATE TABLE `users` (
  `user_id` int(11) NOT NULL,
  `user_username` varchar(255) COLLATE utf8_hungarian_ci NOT NULL,
  `user_email` varchar(255) COLLATE utf8_hungarian_ci NOT NULL,
  `user_password` varchar(255) COLLATE utf8_hungarian_ci NOT NULL,
  `user_sex` char(1) COLLATE utf8_hungarian_ci NOT NULL,
  `user_familyname` varchar(255) COLLATE utf8_hungarian_ci NOT NULL,
  `user_lastname` varchar(255) COLLATE utf8_hungarian_ci NOT NULL,
  `user_location` varchar(255) COLLATE utf8_hungarian_ci NOT NULL,
  `user_profilepic` varchar(255) COLLATE utf8_hungarian_ci NOT NULL,
  `user_admin` tinyint(1) NOT NULL
) ENGINE=InnoDB DEFAULT CHARSET=utf8 COLLATE=utf8_hungarian_ci;

--
-- A tábla adatainak kiíratása `users`
--

INSERT INTO `users` (`user_id`, `user_username`, `user_email`, `user_password`, `user_sex`, `user_familyname`, `user_lastname`, `user_location`, `user_profilepic`, `user_admin`) VALUES
(14, 'FDani10', 'danielfarkas465@gmail.com', '$2y$10$kpenEO92dlDea9PdK9uqYu3/ERvi1jYu0vO5kX.mIqkg3zuGNN7Tm', 'F', 'Farkas', 'Dániel', 'Gyál', 'FDani10FDani10kanye.jpg', 1),
(16, 'Tajti001', 'tajti001@gmail.com', '$2y$10$jhx/7SelnQKxoZsGv3wZ1uwcxl39PUI.vraU64B0zrDApL9RnR9Pa', 'N', 'Tajti', 'Tünde', 'Gyál', 'Tajti001angelina.jpg', 0),
(17, 'lczpti', 'lpeti@gmail.com', '$2y$10$23Nz9McYUY7p9Mm3Nn3sYeSMQEWcG1oIgNnqRsfRLqiBOu1sKhWJi', 'F', 'Laczi', 'Péter', 'Felsőpakony', 'lczptiwinnetou.jfif', 0),
(18, 'Nemo1', 'nemodamark@gmail.com', '$2y$10$hXICVVKlIy8jQU0GPpbhGeuhD34URk4Ri/1tvO6R77urqqrcRL.DS', 'F', 'Nemoda', 'Márk', 'Felsőpakony', 'Nemo1jakab.jpg', 0);

--
-- Indexek a kiírt táblákhoz
--

--
-- A tábla indexei `followings`
--
ALTER TABLE `followings`
  ADD PRIMARY KEY (`id`),
  ADD KEY `friend_of` (`follower`,`following`),
  ADD KEY `friend_to` (`following`);

--
-- A tábla indexei `messages`
--
ALTER TABLE `messages`
  ADD PRIMARY KEY (`id`),
  ADD KEY `message_from` (`message_from`,`message_to`,`message_offer_id`),
  ADD KEY `message_to` (`message_to`),
  ADD KEY `message_offer_id` (`message_offer_id`);

--
-- A tábla indexei `offers`
--
ALTER TABLE `offers`
  ADD PRIMARY KEY (`offer_id`),
  ADD KEY `offer_userid` (`offer_userid`,`offer_themeid`),
  ADD KEY `offer_themeid` (`offer_themeid`);

--
-- A tábla indexei `ratings`
--
ALTER TABLE `ratings`
  ADD PRIMARY KEY (`id`),
  ADD KEY `rating_from` (`rating_from`,`rating_to`),
  ADD KEY `rating_to` (`rating_to`);

--
-- A tábla indexei `telepulesek`
--
ALTER TABLE `telepulesek`
  ADD KEY `telepules_2` (`telepules`);
ALTER TABLE `telepulesek` ADD FULLTEXT KEY `telepules` (`telepules`);

--
-- A tábla indexei `themes`
--
ALTER TABLE `themes`
  ADD PRIMARY KEY (`theme_id`),
  ADD UNIQUE KEY `theme_name` (`theme_name`);

--
-- A tábla indexei `users`
--
ALTER TABLE `users`
  ADD PRIMARY KEY (`user_id`),
  ADD UNIQUE KEY `user_name` (`user_username`),
  ADD UNIQUE KEY `user_email` (`user_email`),
  ADD UNIQUE KEY `user_password` (`user_password`),
  ADD UNIQUE KEY `user_username` (`user_username`,`user_email`);

--
-- A kiírt táblák AUTO_INCREMENT értéke
--

--
-- AUTO_INCREMENT a táblához `followings`
--
ALTER TABLE `followings`
  MODIFY `id` int(11) NOT NULL AUTO_INCREMENT, AUTO_INCREMENT=16;

--
-- AUTO_INCREMENT a táblához `messages`
--
ALTER TABLE `messages`
  MODIFY `id` int(11) NOT NULL AUTO_INCREMENT, AUTO_INCREMENT=159;

--
-- AUTO_INCREMENT a táblához `offers`
--
ALTER TABLE `offers`
  MODIFY `offer_id` int(11) NOT NULL AUTO_INCREMENT, AUTO_INCREMENT=20;

--
-- AUTO_INCREMENT a táblához `ratings`
--
ALTER TABLE `ratings`
  MODIFY `id` int(11) NOT NULL AUTO_INCREMENT, AUTO_INCREMENT=50;

--
-- AUTO_INCREMENT a táblához `themes`
--
ALTER TABLE `themes`
  MODIFY `theme_id` int(11) NOT NULL AUTO_INCREMENT, AUTO_INCREMENT=13;

--
-- AUTO_INCREMENT a táblához `users`
--
ALTER TABLE `users`
  MODIFY `user_id` int(11) NOT NULL AUTO_INCREMENT, AUTO_INCREMENT=20;

--
-- Megkötések a kiírt táblákhoz
--

--
-- Megkötések a táblához `followings`
--
ALTER TABLE `followings`
  ADD CONSTRAINT `followings_ibfk_1` FOREIGN KEY (`follower`) REFERENCES `users` (`user_id`) ON DELETE CASCADE ON UPDATE CASCADE,
  ADD CONSTRAINT `followings_ibfk_2` FOREIGN KEY (`following`) REFERENCES `users` (`user_id`) ON DELETE CASCADE ON UPDATE CASCADE;

--
-- Megkötések a táblához `messages`
--
ALTER TABLE `messages`
  ADD CONSTRAINT `messages_ibfk_1` FOREIGN KEY (`message_from`) REFERENCES `users` (`user_id`) ON DELETE CASCADE ON UPDATE CASCADE,
  ADD CONSTRAINT `messages_ibfk_2` FOREIGN KEY (`message_to`) REFERENCES `users` (`user_id`) ON DELETE CASCADE ON UPDATE CASCADE,
  ADD CONSTRAINT `messages_ibfk_3` FOREIGN KEY (`message_offer_id`) REFERENCES `offers` (`offer_id`) ON DELETE CASCADE ON UPDATE CASCADE;

--
-- Megkötések a táblához `offers`
--
ALTER TABLE `offers`
  ADD CONSTRAINT `offers_ibfk_1` FOREIGN KEY (`offer_themeid`) REFERENCES `themes` (`theme_id`) ON DELETE CASCADE ON UPDATE CASCADE,
  ADD CONSTRAINT `offers_ibfk_2` FOREIGN KEY (`offer_userid`) REFERENCES `users` (`user_id`) ON DELETE CASCADE ON UPDATE CASCADE;

--
-- Megkötések a táblához `ratings`
--
ALTER TABLE `ratings`
  ADD CONSTRAINT `ratings_ibfk_1` FOREIGN KEY (`rating_from`) REFERENCES `users` (`user_id`) ON DELETE CASCADE ON UPDATE CASCADE,
  ADD CONSTRAINT `ratings_ibfk_2` FOREIGN KEY (`rating_to`) REFERENCES `users` (`user_id`) ON DELETE CASCADE ON UPDATE CASCADE;
COMMIT;

/*!40101 SET CHARACTER_SET_CLIENT=@OLD_CHARACTER_SET_CLIENT */;
/*!40101 SET CHARACTER_SET_RESULTS=@OLD_CHARACTER_SET_RESULTS */;
/*!40101 SET COLLATION_CONNECTION=@OLD_COLLATION_CONNECTION */;
